CreditScore,AnnualIncome,LoanAmount,LoanDuration,Age,EmploymentStatus,MaritalStatus,NumberOfDependents,EducationLevel,HomeOwnershipStatus,MonthlyDebtPayments,CreditCardUtilizationRate,NumberOfOpenCreditLines,NumberOfCreditInquiries,DebtToIncomeRatio,BankruptcyHistory,LoanPurpose,PreviousLoanDefaults,InterestRate,PaymentHistory,SavingsAccountBalance,CheckingAccountBalance,InvestmentAccountBalance,RetirementAccountBalance,EmergencyFundBalance,TotalAssets,TotalLiabilities,NetWorth,LengthOfCreditHistory,MortgageBalance,RentPayments,AutoLoanBalance,PersonalLoanBalance,StudentLoanBalance,UtilityBillsPaymentHistory,HealthInsuranceStatus,LifeInsuranceStatus,CarInsuranceStatus,HomeInsuranceStatus,OtherInsurancePolicies,EmployerType,JobTenure,MonthlySavings,AnnualBonuses,AnnualExpenses,MonthlyHousingCosts,MonthlyTransportationCosts,MonthlyFoodCosts,MonthlyHealthcareCosts,MonthlyEntertainmentCosts
440,49074,25738,20,31,Employed,Married,2,Associate,Own,454,0.3912427493858095,8,9,0.2248756246609619,0,Home,0,0.1821686185794002,0,7851,838,14241,36955,1454,119386,65379,34468,18,246949,759,3869,1946,50636,0.3361380842444716,Insured,Insured,Uninsured,Insured,3,Public,22,580,6579,25299,1615,133,125,210,93
400,88620,21684,7,58,Employed,Divorced,3,Master,Own,428,0.4305286955790757,4,7,0.3955300928426968,0,Education,0,0.2979924630807864,13,4508,2172,13477,45003,2370,27909,5914,91098,13,56599,1045,12787,7224,34913,0.1829856011203711,Insured,Insured,Uninsured,Uninsured,0,Private,38,129,4811,31387,1509,389,163,234,117
641,66278,17635,6,46,Self-Employed,Divorced,4,Bachelor,Own,520,0.1373611003550843,1,3,0.8897127356266965,1,Debt Consolidation,0,0.2876441842934261,10,5145,773,17848,36437,5496,36261,48290,72471,2,126999,1193,5425,7556,37270,0.7252697994604307,Uninsured,Insured,Insured,Insured,2,Self-Employed,7,312,5780,37678,1077,307,155,171,118
387,65406,10753,2,60,Unemployed,Widowed,1,Doctorate,Mortgage,795,0.1621079213565883,10,4,0.0692192088575499,0,Home,1,0.2756072192902669,1,758,2457,14807,22459,5869,199829,47070,29280,11,29279,730,15381,5729,17256,0.7916050529908812,Uninsured,Uninsured,Uninsured,Uninsured,4,Other,35,433,6772,26007,905,188,537,205,82
499,57134,22589,10,57,Self-Employed,Single,4,Associate,Rent,274,0.0178914434105345,9,7,0.0764167502564399,0,Home,0,0.0591271616908137,2,5196,3373,19628,41541,2590,152708,60364,46272,18,112860,1067,11580,6391,31452,0.9806469534881987,Uninsured,Insured,Insured,Insured,3,Private,28,78,3379,31906,1517,457,427,171,183
691,60950,16977,18,18,Self-Employed,Widowed,2,High School,Rent,974,0.1774717406386478,5,2,0.6708251235381871,0,Education,0,0.0519625117261583,6,3091,2067,16071,20143,6318,86703,55844,5849,8,184049,846,15470,7331,30934,0.7422648997557473,Insured,Uninsured,Uninsured,Uninsured,3,Self-Employed,17,303,1560,34524,1098,260,93,254,120
705,70104,23580,4,49,Employed,Widowed,4,Doctorate,Other,-89,0.0693767380777139,4,9,0.2460800525007185,0,Home,0,0.0117086113169728,28,4786,3690,6784,14315,3193,3510,56151,33121,6,144746,722,12212,3242,21122,0.3364460308296371,Insured,Uninsured,Insured,Insured,2,Public,11,547,4104,36063,1109,337,189,145,90
407,61089,22212,11,67,Employed,Widowed,4,Bachelor,Other,387,0.2352771612774015,4,7,0.3360682386069781,1,Debt Consolidation,0,0.2021628952380225,13,5192,2414,1932,39774,6028,54685,59429,42000,6,109755,445,6119,3003,12813,0.4950506251847991,Insured,Uninsured,Uninsured,Insured,0,Public,4,215,5024,40459,617,20,509,205,71
671,65067,15992,8,32,Unemployed,Widowed,4,High School,Rent,753,0.0939621930852462,13,6,0.3682853916711791,0,Home,0,0.0862986839240046,11,4592,947,5397,17857,425,80836,22775,96442,5,108835,1047,7848,10976,29065,0.8201696953002481,Uninsured,Uninsured,Insured,Insured,0,Public,36,71,3631,31751,1097,324,843,326,117
619,68954,22106,3,52,Employed,Married,0,Associate,Own,700,0.514214268634403,12,8,0.0321743707471325,0,Debt Consolidation,0,0.2501592149354566,23,6025,1778,10615,19891,4112,137005,49657,92326,19,154879,1373,11686,3756,25425,0.2305776176021676,Uninsured,Uninsured,Uninsured,Uninsured,3,Self-Employed,24,185,2230,27609,1575,384,707,126,51
496,65733,20130,29,57,Employed,Married,2,Doctorate,Other,436,0.7309487595142485,4,5,0.9531008457447904,0,Other,0,0.1497433660789358,21,4599,1552,11507,28168,5079,120310,11764,43553,14,184812,800,10294,7556,30526,0.6004239443120791,Insured,Insured,Insured,Insured,2,Self-Employed,24,271,2976,21399,1077,259,453,168,51
372,41980,28725,16,24,Unemployed,Widowed,3,Associate,Mortgage,597,0.2581401129191619,8,0,0.5153378939911883,0,Education,0,0.2091805161987645,26,4624,2027,21332,22387,2337,67408,67828,75054,25,221957,883,9624,4704,43843,0.0393328670727388,Uninsured,Uninsured,Uninsured,Uninsured,2,Other,18,176,6029,28306,958,384,669,218,32
383,45847,17549,10,18,Employed,Divorced,0,Master,Mortgage,724,0.8605034807160038,7,5,0.9605411125922088,0,Debt Consolidation,0,0.2141328345685746,26,435,3338,10816,24205,5798,87804,34059,34912,9,221430,782,12020,6566,22093,0.4283524319516144,Uninsured,Insured,Uninsured,Uninsured,0,Self-Employed,39,693,5304,17090,605,135,471,239,131
602,42223,18735,4,37,Employed,Divorced,1,Associate,Mortgage,846,0.5265375182823325,11,0,0.9936782820630202,0,Other,0,0.0233051088647517,25,5091,1278,8185,36674,6467,54349,61494,82838,3,204160,947,13505,5926,15678,0.43561926878646,Insured,Uninsured,Insured,Insured,3,Public,16,763,7286,24097,1573,569,460,351,26
693,69612,11791,10,52,Employed,Divorced,2,Bachelor,Own,426,0.5122365775835724,9,0,0.1269190868028282,1,Home,0,0.1356498459171592,2,4921,2256,5566,29753,2896,65405,35491,-5924,5,154415,944,5483,1715,37691,0.3057558445232152,Uninsured,Uninsured,Uninsured,Insured,1,Self-Employed,37,373,5818,20605,1326,249,84,206,137
489,68330,17791,10,35,Employed,Widowed,4,Master,Other,467,0.8008603353079671,10,6,0.7315390765715695,0,Education,0,0.253520262662845,0,8543,-62,9795,20827,3095,70509,44960,58501,4,181454,765,4869,5374,1667,0.3701134459336517,Insured,Uninsured,Insured,Insured,4,Other,2,1053,3243,27868,948,101,485,121,67
571,49968,18467,21,50,Self-Employed,Married,0,Doctorate,Mortgage,793,0.5115825462829034,6,2,0.9227170443171308,0,Other,0,0.0629793090703984,15,2842,2772,10112,22993,3482,94329,71462,87047,15,203217,464,11113,5526,36802,0.3598933741606005,Insured,Insured,Uninsured,Insured,3,Other,1,357,5175,24031,865,267,440,365,13
614,59430,16169,13,24,Unemployed,Married,1,High School,Rent,617,0.2695364401569633,14,0,0.7270311095322387,0,Other,0,0.1230855016979797,12,4109,2307,13200,31466,2973,154051,23316,25271,3,274317,1188,10040,5816,18926,0.0211154761611119,Insured,Insured,Insured,Insured,4,Self-Employed,2,443,4532,37315,1972,90,448,210,181
407,64853,19072,2,39,Self-Employed,Married,2,Bachelor,Own,251,0.408631155476321,7,6,0.2077900106936309,0,Other,0,0.2688705033798368,5,6097,1192,15061,52824,1464,66627,10098,20998,2,129038,962,6301,3641,35704,0.1821627410330472,Insured,Insured,Insured,Insured,0,Self-Employed,25,399,3832,18748,997,355,693,379,122
468,39237,28907,6,62,Self-Employed,Married,3,Bachelor,Rent,194,0.2820485342690149,14,9,0.6536033695370329,0,Auto,0,0.0667949996505266,2,10164,3540,1575,14829,2817,86679,57729,34695,17,171480,476,13046,2333,26792,0.7926195921353444,Uninsured,Uninsured,Insured,Uninsured,3,Public,18,468,5353,28642,934,274,547,191,110
445,71397,17238,17,21,Employed,Widowed,1,Associate,Rent,260,0.0922204018031808,8,1,0.3218130120614485,0,Education,0,0.2663185132484575,9,3821,2715,3094,18765,5883,49122,81281,51961,22,74786,1139,17233,5011,10556,0.9688381666456792,Insured,Insured,Insured,Uninsured,2,Private,20,456,6458,25717,698,312,284,182,130
727,43988,17333,9,64,Employed,Widowed,3,Doctorate,Mortgage,603,0.5159684839221313,9,8,0.0989784529689105,0,Debt Consolidation,0,0.1628312233336,0,2378,1688,8720,34212,3152,145925,44200,34094,6,140215,1287,12200,5221,25895,0.0461579285397992,Uninsured,Insured,Insured,Insured,4,Other,26,768,6232,26720,981,202,115,214,79
663,57406,29631,13,54,Employed,Divorced,4,Master,Rent,381,0.2792600861520107,3,2,0.3714992838188153,0,Other,1,0.2481357919463265,23,5716,2688,11785,49496,5668,93685,56167,18031,8,164076,1107,14087,3222,37752,0.6202115340874799,Insured,Insured,Uninsured,Insured,3,Private,30,349,5420,18068,776,200,811,357,177
483,36569,24194,11,51,Unemployed,Married,4,Doctorate,Own,666,0.1933220000495674,0,1,0.515785481962214,0,Other,0,0.0237872457972766,27,3760,1544,4907,9761,661,130609,45225,23427,7,130093,894,11711,7785,24088,0.8361786646200083,Insured,Insured,Insured,Insured,3,Self-Employed,28,169,7755,18506,1445,519,458,269,152
532,45971,22251,29,53,Unemployed,Married,1,Bachelor,Rent,434,0.4758381875829601,7,6,0.9419377908015716,0,Education,0,0.2302734860340212,18,3495,1528,7295,22904,2989,65171,25111,4637,4,132479,1221,13800,5847,25261,0.3727553716466543,Uninsured,Uninsured,Uninsured,Insured,0,Other,29,643,6672,32779,1085,403,716,62,181
389,63578,30406,21,41,Employed,Married,1,Doctorate,Mortgage,605,0.6937985207599873,2,1,0.1381873638631401,0,Education,1,0.0381891824867438,3,3573,1548,11550,42156,532,186024,60110,50898,29,145327,986,6650,7948,10514,0.4815399509423403,Insured,Insured,Uninsured,Insured,0,Private,7,495,3643,39256,1062,426,138,179,101
582,47161,17642,4,20,Employed,Divorced,4,Doctorate,Own,253,0.3089146588177908,4,2,0.7267727645804041,0,Education,0,0.2309323658667748,1,4830,1716,21541,32244,4017,103536,80194,41055,10,76228,1111,9590,7098,25525,0.3029033754152614,Uninsured,Uninsured,Uninsured,Uninsured,3,Other,14,582,2401,31560,2086,341,353,174,198
514,48431,14495,3,68,Unemployed,Divorced,4,Master,Rent,988,0.8960650093442447,0,4,0.3324880569870033,0,Home,0,0.265673457650907,26,2902,1197,10884,39623,4910,4761,69401,11298,8,165966,924,3361,6118,15847,0.2969435268465868,Uninsured,Insured,Uninsured,Insured,2,Other,16,40,2636,31775,1952,499,762,229,78
720,70637,20773,3,25,Unemployed,Divorced,0,High School,Rent,648,0.1361840166461492,12,4,0.3665365437806218,0,Debt Consolidation,0,0.1097366192045814,16,4728,2411,17100,19095,582,76589,63122,66651,12,172121,1160,6455,4197,25185,0.0246697177379598,Uninsured,Insured,Uninsured,Insured,3,Self-Employed,0,341,6648,31021,796,436,354,193,113
491,89578,12669,4,29,Unemployed,Married,2,Doctorate,Other,616,0.5345835672569227,4,6,0.3702739223601726,0,Other,1,0.0282330380220285,18,5341,41,6813,36212,3396,67716,51573,42840,28,173399,979,12463,6736,3258,0.3933593303401513,Insured,Insured,Insured,Uninsured,4,Public,21,384,3468,32171,734,103,339,282,85
490,74470,17567,28,58,Unemployed,Divorced,1,Master,Other,753,0.2264462761597913,13,0,0.016909358130327,0,Other,0,0.0566411311625275,22,2086,1919,11394,45687,6514,68034,6598,70774,2,146117,1246,21071,4221,28049,0.2876292229054701,Uninsured,Uninsured,Uninsured,Uninsured,3,Self-Employed,24,320,8065,9078,700,342,389,207,131
326,40478,19791,11,53,Self-Employed,Divorced,3,Doctorate,Mortgage,254,0.9749855957905204,9,3,0.302369807058256,0,Other,0,0.266825224690668,0,6820,616,10593,32512,1769,5742,70171,84910,20,194557,1216,13725,4185,22096,0.6026490803052236,Uninsured,Uninsured,Insured,Uninsured,4,Self-Employed,19,1176,4435,25073,1537,236,480,346,152
653,75312,25713,23,22,Self-Employed,Married,3,Master,Rent,579,0.1574475616144035,7,0,0.717872080140334,0,Auto,0,0.2349955191575058,13,3841,2398,6070,21827,3209,145055,53112,24270,14,197011,1015,2452,2364,33652,0.6520301860862748,Insured,Uninsured,Insured,Uninsured,2,Public,31,359,4737,22111,969,469,418,227,43
470,73246,29708,2,56,Employed,Divorced,4,Master,Mortgage,770,0.5359131838997604,11,5,0.7579997693138187,0,Education,0,0.2182710468374849,27,8492,3526,6601,7589,4722,59654,69814,-24598,11,164778,1057,16259,8251,12297,0.2917082197189263,Uninsured,Uninsured,Insured,Insured,4,Self-Employed,4,1027,5113,33751,641,604,161,9,100
595,42946,21559,11,30,Self-Employed,Divorced,1,High School,Rent,378,0.0826462688855091,3,3,0.5010308404409016,0,Other,0,0.0327309026577917,27,3101,1491,7258,12452,325,58254,61985,49384,5,51745,614,11645,8697,22704,0.9989091238273629,Insured,Insured,Insured,Insured,0,Self-Employed,34,381,4671,39470,1134,232,89,88,105
484,68755,18912,27,47,Employed,Married,3,High School,Rent,748,0.2059707186526693,4,2,0.0766633656594801,0,Home,0,0.0544452869117564,7,2178,3514,11474,19530,1868,6810,26258,140811,27,139774,1418,19349,5804,7313,0.8511125359931562,Uninsured,Insured,Insured,Insured,4,Private,19,52,3803,36438,976,177,869,34,73
337,11608,7205,26,31,Unemployed,Single,4,High School,Own,457,0.5200441693765656,0,6,0.9751952809785652,0,Debt Consolidation,0,0.2189980385674315,26,4890,2252,7376,10535,1220,190524,59181,76134,26,104526,984,15351,4948,25812,0.3564409731756973,Uninsured,Uninsured,Insured,Insured,2,Public,11,946,4170,37537,1188,413,327,146,62
414,56020,25143,6,33,Employed,Widowed,1,High School,Rent,653,0.6548696369800153,8,2,0.5528222744448472,0,Auto,0,0.0854951600056051,0,3947,4260,13108,30067,3562,38869,27456,98038,22,193357,1004,6170,3277,26941,0.4338555583253659,Uninsured,Insured,Uninsured,Insured,2,Self-Employed,4,340,2775,19125,839,248,512,354,11
461,62326,12342,11,21,Employed,Single,0,High School,Other,737,0.4107616805380228,1,7,0.1220266434882402,0,Other,0,0.2419111768601116,23,312,1361,5750,42389,3934,61025,96603,20393,26,144285,903,12673,4764,24073,0.5317735953315702,Insured,Uninsured,Insured,Insured,1,Public,20,810,3765,23499,1573,473,864,221,167
652,68637,24007,7,63,Unemployed,Single,4,Bachelor,Mortgage,778,0.1848905172010058,8,3,0.6071293102172626,0,Education,0,0.2966542385034004,16,3183,1999,16085,47748,1489,88527,33710,70843,9,124851,930,18907,3761,21532,0.6703288780841417,Uninsured,Uninsured,Uninsured,Uninsured,0,Self-Employed,3,652,7620,23443,1559,360,119,253,118
421,56668,19719,12,58,Unemployed,Widowed,4,Master,Own,772,0.5736616420771249,7,3,0.9636720054126696,0,Debt Consolidation,0,0.1974823299763368,23,6214,1607,19646,33872,4376,140209,36970,28214,1,145516,897,15102,3516,19102,0.4549406848022124,Insured,Insured,Insured,Insured,4,Private,29,804,3966,24103,1154,325,676,36,243
336,83626,18868,5,24,Self-Employed,Married,0,Master,Mortgage,481,0.2303872443679631,3,3,0.6524810907170961,0,Auto,0,0.277153216756474,14,5303,2221,3556,37073,3300,88543,61748,42188,24,54540,1183,17186,3811,5816,0.9991570193539626,Uninsured,Insured,Uninsured,Uninsured,4,Self-Employed,4,548,6615,33533,1232,222,504,255,142
783,27260,24582,11,29,Self-Employed,Married,1,Master,Mortgage,902,0.9713190756357752,0,1,0.5771665364467069,0,Education,0,0.1952588802153058,26,6606,1149,12882,52510,1664,67889,52253,57774,12,152320,623,10282,7168,18841,0.2205295704286279,Uninsured,Insured,Uninsured,Uninsured,1,Public,5,853,5917,39016,991,312,439,86,154
485,66220,23093,13,54,Self-Employed,Single,1,Master,Mortgage,310,0.9380816804687356,13,5,0.9780418490427678,0,Debt Consolidation,0,0.2783462114752233,15,7855,2808,10238,9121,3772,125264,32131,6977,13,205924,655,6957,6909,25817,0.656492493210878,Uninsured,Insured,Insured,Insured,3,Other,19,437,5968,20455,869,307,90,206,54
554,72329,19307,2,41,Unemployed,Divorced,4,Master,Rent,649,0.1634042946501921,1,8,0.3155872265075193,0,Other,0,0.1111833617886803,0,4348,1222,3348,27768,4313,61218,75233,11341,22,65057,735,14514,7829,3584,0.7875941194999311,Uninsured,Insured,Insured,Uninsured,1,Public,0,105,5006,41357,848,453,813,215,34
436,29372,10637,19,22,Employed,Married,1,Doctorate,Rent,554,0.8674880308684586,8,0,0.7281202245446551,0,Debt Consolidation,0,0.173769047020816,16,5013,2790,15563,34657,2650,46173,41848,34163,14,147722,859,5508,2352,11156,0.5313644379540969,Uninsured,Insured,Insured,Insured,0,Private,1,408,3732,25015,1232,143,360,199,139
698,55263,11699,3,37,Self-Employed,Single,1,High School,Mortgage,327,0.4043230690936115,2,2,0.943264120213722,0,Auto,0,0.0645428713577649,24,1588,1581,13767,36065,6898,1668,67671,19506,8,138848,943,3879,4724,2242,0.0606155654387,Insured,Uninsured,Insured,Uninsured,4,Self-Employed,22,374,6414,22180,1121,162,420,110,14
624,58374,20303,1,64,Unemployed,Single,4,High School,Mortgage,534,0.617601142067764,9,0,0.0985569485173932,0,Other,0,0.2603114753642237,15,7161,2479,2431,21552,5905,37814,39493,28640,3,201357,979,8093,9111,23963,0.4077142001561348,Uninsured,Uninsured,Insured,Insured,0,Private,34,687,6496,38816,694,304,229,222,79
558,46769,19143,7,45,Self-Employed,Single,1,High School,Rent,327,0.9874666689531882,10,4,0.1728153836090504,0,Education,0,0.2306441529180037,6,11797,2385,5991,19333,3697,161420,68075,74995,15,91849,1149,2000,6600,20335,0.1041795758989941,Uninsured,Insured,Uninsured,Insured,0,Other,5,571,2980,44555,568,505,403,280,73
480,66025,14646,14,35,Self-Employed,Married,0,High School,Own,545,0.611716336864922,3,3,0.2992819981919082,0,Auto,0,0.1723481473950599,1,6999,587,7931,40679,4900,144553,44256,59391,3,164756,976,16813,2624,14769,0.4326853793422971,Insured,Uninsured,Uninsured,Insured,3,Private,34,189,3130,47013,1418,415,369,62,162
667,53638,21861,18,48,Unemployed,Single,2,Associate,Rent,567,0.5890639348756717,6,9,0.9668575036695092,0,Auto,0,0.2297518903431804,18,1791,2014,9988,11718,3697,175401,71724,110775,24,173733,962,15363,2571,33660,0.1363003881000266,Insured,Insured,Uninsured,Insured,2,Public,0,82,3321,39937,1315,308,195,68,89
637,42050,21527,16,21,Self-Employed,Divorced,0,High School,Mortgage,783,0.95708263316338,6,7,0.8894334692742849,0,Debt Consolidation,1,0.0499734504303212,20,1846,2230,14139,34164,3268,91490,44164,96368,26,82520,1044,3664,6966,17111,0.7636761560448387,Uninsured,Uninsured,Insured,Uninsured,4,Public,28,1032,3533,26103,439,599,646,357,94
617,64596,30543,21,61,Unemployed,Single,3,High School,Own,472,0.0976545506508617,5,1,0.598685469583414,0,Home,0,0.2024088664353043,11,8173,3441,13336,59892,6751,76740,44853,10258,22,250639,1616,13074,4586,19665,0.1826777843346589,Insured,Insured,Insured,Uninsured,3,Self-Employed,7,339,1830,31940,1379,480,623,170,96
843,49400,22434,8,20,Unemployed,Married,2,Associate,Other,496,0.8634376063287251,1,4,0.8475281941608077,0,Auto,0,0.078353692758489,29,3431,1532,11988,14624,2685,41664,70722,9868,22,77393,1160,4948,7801,28809,0.8462676033750044,Uninsured,Uninsured,Uninsured,Insured,0,Public,27,629,5501,21711,2179,227,168,226,49
630,93274,18783,1,19,Self-Employed,Widowed,2,Associate,Other,333,0.2675837615819991,9,5,0.6068100856582358,0,Auto,0,0.2200417435220981,17,2949,1750,16882,33978,388,123746,77773,46366,16,149183,1249,10250,4192,41526,0.0585334092232375,Insured,Insured,Insured,Insured,2,Self-Employed,28,346,3405,33787,1659,324,184,405,168
469,83823,14526,14,68,Unemployed,Widowed,4,Doctorate,Own,767,0.6734436681050157,6,9,0.7243764695494843,0,Other,0,0.1574948455046617,16,6941,3844,7638,30296,3510,68783,61520,112846,5,233022,614,8217,7977,32023,0.8153532820567135,Uninsured,Uninsured,Insured,Insured,4,Private,0,273,6529,33093,553,579,462,318,152
644,44836,20071,29,24,Unemployed,Divorced,2,Doctorate,Rent,259,0.0020241213414134,10,0,0.1750930607766112,0,Home,0,0.1192201732870401,3,4563,3269,16087,36604,5081,131782,56043,-17652,2,170489,836,10153,6084,16585,0.6712367891530976,Uninsured,Uninsured,Insured,Insured,1,Other,36,97,4441,35699,1472,270,359,55,145
837,51154,23871,24,54,Self-Employed,Divorced,3,Associate,Own,731,0.2571756468226653,0,6,0.3254860900951555,0,Debt Consolidation,0,0.2163762428258338,4,10007,990,10647,26190,710,44570,36289,26885,23,188223,848,3475,1496,18572,0.8742200873508427,Uninsured,Uninsured,Insured,Insured,1,Other,12,579,2823,37017,955,277,409,206,177
593,51001,21123,18,51,Self-Employed,Divorced,2,Associate,Other,289,0.5257612878372391,4,5,0.4211086898994087,0,Other,0,0.0864013153607762,16,4443,3031,7997,47873,5269,184782,45184,89996,7,160958,1086,16199,6741,29521,0.1044962010801795,Uninsured,Uninsured,Insured,Uninsured,3,Public,30,439,4871,42321,999,303,548,375,76
745,60677,21993,11,55,Self-Employed,Widowed,0,Master,Rent,752,0.0334358103627788,13,5,0.8740399933522558,0,Home,0,0.0447159701673777,17,7410,1244,13140,41469,4499,124484,50970,26526,5,107920,584,4596,4439,19604,0.8413364292371002,Uninsured,Insured,Uninsured,Insured,3,Other,7,199,5264,26146,582,247,697,165,0
676,38225,20754,18,27,Unemployed,Married,2,Associate,Own,389,0.1544822186313842,10,1,0.7628732206080695,0,Auto,0,0.1219170887654453,23,7630,1302,16009,32681,3548,68868,52006,77805,29,105194,1446,16882,6419,14076,0.7206692907039488,Uninsured,Uninsured,Insured,Insured,1,Other,31,371,5007,45352,1026,139,520,166,129
389,52803,17133,27,30,Employed,Married,1,Bachelor,Own,508,0.9211355535193536,2,1,0.7528713347130176,0,Education,0,0.010654619465469,15,5240,2471,14384,24796,2037,62795,9105,5705,17,191842,1053,7979,4172,18140,0.861372027035966,Uninsured,Uninsured,Uninsured,Insured,3,Public,26,368,3536,13482,1106,102,532,105,172
821,55970,21418,5,50,Unemployed,Married,0,Master,Mortgage,244,0.2811085299818455,14,7,0.6796875355407656,0,Debt Consolidation,0,0.1637526649514793,11,1801,699,-158,28871,5414,119716,60149,49770,9,211685,1457,6893,3643,10625,0.2827270924520298,Insured,Insured,Insured,Uninsured,3,Public,13,478,6845,24338,1039,288,164,168,37
460,60300,32120,26,44,Employed,Divorced,4,Master,Other,310,0.3718008383080983,9,5,0.0450556468594284,0,Other,0,0.0678831278284778,13,3587,1296,5771,9589,6732,204575,34160,28500,24,102088,811,1835,5138,42915,0.4598460730666401,Insured,Insured,Insured,Insured,4,Other,11,400,4861,31004,1069,343,529,196,81
655,57681,28037,23,64,Employed,Divorced,4,Doctorate,Own,626,0.2903297087637615,12,6,0.99149352736777,0,Education,0,0.0547298879321406,6,10266,4155,5699,14341,1855,127602,55978,67486,14,147198,960,15307,4962,14864,0.4140280703081678,Uninsured,Uninsured,Uninsured,Insured,1,Self-Employed,14,254,5951,28936,708,400,272,268,46
741,44880,24045,24,65,Employed,Divorced,3,High School,Mortgage,307,0.5298218500653741,3,9,0.1721378260567582,0,Auto,0,0.1848079047528203,19,8275,3233,-3959,27130,3261,162841,33033,50058,25,158000,821,10631,3538,3988,0.7335492035888114,Insured,Uninsured,Uninsured,Insured,4,Self-Employed,2,56,6782,27177,1334,114,372,298,126
711,60846,23829,21,23,Unemployed,Divorced,0,Associate,Other,314,0.0019216980056773,2,9,0.1006071854371449,0,Other,0,0.1580649449779091,13,7903,2279,4550,52361,1896,70433,55776,24732,9,169225,627,12245,7473,16352,0.835553179307948,Uninsured,Insured,Insured,Uninsured,4,Public,27,534,5030,17817,1440,313,177,120,105
736,73797,31067,23,23,Self-Employed,Divorced,2,High School,Other,573,0.7242520652127971,3,1,0.3394076893165502,0,Other,0,0.2256503830696045,19,4331,1796,4435,25000,3004,133578,51446,33088,12,164764,989,7215,1860,21317,0.8357898337764219,Insured,Insured,Insured,Insured,2,Public,28,363,3563,32520,1995,207,478,330,45
563,44114,22784,23,36,Employed,Widowed,4,Master,Other,578,0.6133511644658437,9,9,0.7041416671027797,0,Auto,0,0.0415458637308456,7,813,2519,12651,19224,6911,63313,68789,37736,21,157731,913,12303,1649,15804,0.4197223079085237,Uninsured,Insured,Uninsured,Uninsured,2,Self-Employed,37,951,5108,22404,1375,376,189,232,142
402,63962,29446,11,47,Employed,Widowed,3,Bachelor,Other,233,0.6173413907087704,11,8,0.0891920440514626,0,Home,0,0.2951883066923331,28,2092,1654,5592,33253,3740,56411,29993,38156,25,196330,460,6098,3568,19027,0.9350272370485708,Uninsured,Uninsured,Insured,Uninsured,4,Private,5,666,5220,32106,1316,524,271,275,39
829,66307,25764,1,42,Unemployed,Single,4,Bachelor,Mortgage,713,0.5688849908849509,5,5,0.3959141499795174,0,Home,1,0.2742421650229026,26,10497,1994,10209,47708,4830,65614,54972,58705,4,188069,1072,3271,5760,10376,0.6406396042441325,Uninsured,Insured,Uninsured,Insured,4,Self-Employed,19,421,6418,40454,904,205,418,212,133
748,39247,19487,28,39,Self-Employed,Divorced,0,Bachelor,Other,563,0.3866894655356585,8,9,0.6723726963005714,0,Other,0,0.1923191175611928,7,6415,2471,15551,10643,3577,85230,79985,33094,8,140935,1229,11958,7980,40302,0.7854228425251111,Insured,Insured,Insured,Uninsured,2,Private,15,793,2853,28964,825,331,294,226,155
590,66473,14595,15,33,Employed,Single,1,High School,Other,827,0.0731073869787189,6,7,0.475376421273933,0,Other,0,0.1604567206712562,3,4331,246,12797,34773,2069,133837,75142,65290,4,80475,1098,7178,5054,9877,0.2834906929167572,Insured,Insured,Insured,Insured,2,Private,27,910,821,35960,653,242,382,18,88
314,63138,19132,24,26,Employed,Widowed,2,Associate,Other,645,0.9102863372458364,12,6,0.7516815566519713,0,Other,0,0.2260050101746187,21,1885,534,16492,32022,3816,72387,28878,48081,19,145879,1434,5527,3600,7288,0.2747168871053312,Insured,Insured,Uninsured,Insured,3,Public,11,464,4893,29654,622,127,127,125,105
684,72068,18282,19,45,Self-Employed,Widowed,3,High School,Own,611,0.0492518217566356,13,3,0.7605454686324189,0,Other,0,0.1550020315108664,17,5023,1168,10906,49356,2869,66377,56542,63113,2,209946,773,11241,1842,22845,0.6827165676928024,Insured,Uninsured,Uninsured,Uninsured,2,Public,39,403,5289,21981,1248,289,599,313,129
574,32044,16955,20,64,Unemployed,Widowed,1,Master,Other,354,0.2676532669064653,7,8,0.962222590405166,1,Debt Consolidation,0,0.2988682584009128,0,2298,2121,15523,25700,3979,119021,46085,40978,8,125930,1189,9413,11817,30753,0.093154996409839,Uninsured,Insured,Uninsured,Uninsured,0,Public,0,1130,5089,21889,822,264,318,295,63
660,43094,18054,2,49,Employed,Widowed,2,Doctorate,Other,513,0.4957283471130187,5,7,0.1782629154147705,0,Debt Consolidation,0,0.1287163387519636,3,3116,435,5909,15642,2312,10309,98582,33169,20,119725,1223,12266,6361,16455,0.1204013152951261,Insured,Insured,Uninsured,Uninsured,1,Private,10,318,3429,46268,143,441,200,184,110
437,51029,16020,19,37,Employed,Widowed,0,High School,Own,712,0.1686107650276626,6,7,0.6970597997347024,0,Auto,0,0.0393585490860998,11,1797,-388,8346,53798,434,122198,68951,22905,18,177569,1462,18034,3936,21591,0.5506647061340896,Insured,Uninsured,Insured,Uninsured,2,Public,22,507,5325,36282,961,328,354,410,101
753,50802,16240,6,50,Employed,Married,4,Bachelor,Mortgage,574,0.8088771005512214,9,2,0.4126579620383096,0,Debt Consolidation,0,0.0193490759598295,11,7558,1885,4178,12767,2710,43721,13113,47019,13,119569,1213,8302,2281,19049,0.4607071221326363,Insured,Insured,Insured,Uninsured,3,Self-Employed,15,516,4984,31987,369,344,391,153,187
709,66408,17583,19,42,Unemployed,Divorced,1,Bachelor,Rent,476,0.0832817548942187,7,2,0.1365426042476918,0,Auto,0,0.2191693310006679,9,8456,2431,20005,26763,2642,115704,47590,59790,15,195518,876,18052,5104,17139,0.6293961627345941,Uninsured,Uninsured,Uninsured,Uninsured,1,Self-Employed,4,538,7189,26378,1080,362,694,177,81
734,84586,17796,18,41,Employed,Single,2,Master,Mortgage,404,0.1782409292132472,0,6,0.8391905670446581,0,Auto,0,0.1954553257577795,3,5591,1464,13662,14581,3965,66921,30709,68907,29,137144,873,9832,3779,20091,0.7898801034908813,Uninsured,Uninsured,Uninsured,Insured,1,Self-Employed,15,527,5404,40221,1140,301,370,223,50
832,77255,18261,18,61,Self-Employed,Single,0,Bachelor,Mortgage,661,0.0232498477186544,10,7,0.9050071168527002,0,Home,0,0.0520812336089927,4,4575,289,7620,35171,1893,111227,49753,115170,9,68950,775,9801,6609,18735,0.3263917558945328,Uninsured,Insured,Uninsured,Uninsured,2,Public,9,676,4541,40042,1608,151,52,235,88
469,65881,33948,7,54,Employed,Widowed,4,High School,Other,917,0.5481487250734021,8,8,0.9829616618443894,0,Home,0,0.1096806798937144,14,2089,4153,12957,13174,4403,62299,32506,85003,7,192092,610,8876,534,34968,0.9714511263319018,Insured,Uninsured,Uninsured,Insured,4,Self-Employed,6,487,5748,18803,1080,455,404,46,49
652,67837,28666,21,51,Employed,Divorced,1,Bachelor,Rent,558,0.6876522106270797,8,5,0.0792861765852526,0,Education,0,0.2374194069660455,17,4237,3794,10404,41281,923,87735,62167,62030,20,221220,1209,5815,5421,45259,0.6730851129510242,Insured,Insured,Uninsured,Insured,2,Other,36,5,3908,24637,1052,471,257,172,98
799,58226,9873,21,19,Employed,Married,0,Bachelor,Other,320,0.9830021811647256,12,4,0.1299848516250046,1,Debt Consolidation,0,0.1772607046691236,9,5020,2278,10570,15285,526,129788,65258,33018,9,256382,1079,8336,6823,10945,0.15176421875628,Insured,Uninsured,Insured,Uninsured,2,Other,25,683,6154,26696,895,416,543,337,109
759,84548,8050,2,38,Unemployed,Widowed,0,High School,Other,261,0.5518382736288948,2,8,0.5293977392303916,0,Other,0,0.0639684516923957,14,7299,1427,5425,2668,3339,154208,53851,-6487,26,256277,770,6577,3958,14081,0.2806421666497806,Uninsured,Uninsured,Insured,Uninsured,3,Other,29,738,5891,44299,1678,258,478,231,56
513,63597,18843,22,63,Unemployed,Married,1,Associate,Mortgage,543,0.5789536878269753,12,1,0.9899592892930132,0,Debt Consolidation,0,0.1601113247994454,12,11290,2601,3060,28069,654,113864,80927,75619,6,154941,1093,9976,5234,22680,0.4293953317331002,Uninsured,Uninsured,Insured,Uninsured,3,Other,2,113,7157,21239,681,330,466,208,63
722,83586,20505,11,42,Self-Employed,Married,3,Bachelor,Own,372,0.2996931153143083,5,6,0.7896803142681516,0,Auto,0,0.0640498587318967,24,1923,1259,10826,23198,3355,95392,70060,37763,13,143308,939,5902,6112,21400,0.8671035927375575,Insured,Insured,Uninsured,Insured,4,Other,34,570,2824,21370,237,459,392,344,170
327,50849,21907,8,20,Self-Employed,Single,4,Associate,Mortgage,878,0.7775446028117812,9,4,0.4775531890443278,0,Education,0,0.237300626586372,16,4649,2477,10390,48792,1948,124641,82516,67761,19,161930,997,12123,7044,32029,0.964681563179836,Uninsured,Insured,Insured,Insured,4,Private,3,939,4528,28102,675,253,45,252,171
811,56983,13122,20,33,Self-Employed,Widowed,0,Master,Rent,548,0.6973301711028811,13,8,0.7787759242496024,0,Home,0,0.1077529932409412,23,5802,1899,2204,61827,2206,99150,49440,91582,26,158517,610,10077,5935,26546,0.1089452479569911,Insured,Uninsured,Uninsured,Insured,4,Private,9,651,5715,25076,1159,376,207,172,43
648,48440,17774,2,58,Self-Employed,Married,3,Doctorate,Mortgage,580,0.8934015431977568,2,8,0.9254338186349128,0,Education,0,0.0914999115838946,17,12467,913,13452,14750,4454,87073,80666,54189,17,81217,1310,9268,7036,19006,0.4840815327289446,Uninsured,Insured,Insured,Insured,4,Other,17,331,4881,23197,1191,294,433,64,84
681,51032,23059,19,18,Unemployed,Married,3,Master,Own,529,0.5662955510162033,4,7,0.5472395077643484,0,Auto,1,0.2907133392422518,15,3416,217,13994,32437,4996,175853,41641,82675,28,207741,995,3463,3790,33713,0.511744540183708,Insured,Insured,Insured,Uninsured,3,Public,29,593,6815,23573,659,347,453,205,111
366,42068,21354,9,64,Self-Employed,Widowed,2,Master,Mortgage,702,0.8714798149921575,2,5,0.2972704012517191,0,Debt Consolidation,0,0.1836186501667594,1,7802,283,10353,43961,3021,130139,41450,37213,25,102704,657,4737,1131,27254,0.9896224236985725,Insured,Insured,Uninsured,Insured,4,Self-Employed,7,875,10735,27667,1215,210,422,192,125
821,46209,18674,4,64,Employed,Married,1,Associate,Other,325,0.7310786344320969,2,5,0.3564731483832316,0,Home,0,0.0264978051872912,5,6834,2529,9584,20887,3974,120636,47093,61601,10,93164,745,2921,6015,2774,0.6180143193256241,Insured,Uninsured,Insured,Uninsured,1,Self-Employed,24,106,4572,39827,1759,550,369,215,84
461,70720,14891,8,54,Unemployed,Divorced,2,Doctorate,Other,562,0.553425980312874,1,5,0.5608907779825782,0,Home,1,0.2466649641237912,18,5143,372,12385,56583,2641,82130,99143,82477,1,179817,407,4426,4196,22002,0.857296983782306,Uninsured,Insured,Insured,Insured,0,Other,9,409,4188,21377,1466,421,349,357,74
475,48236,19018,14,38,Employed,Divorced,3,Master,Own,464,0.7629282031933191,10,6,0.8276392426805503,0,Education,0,0.0832363309796747,0,2856,623,16241,20073,593,162713,36338,116368,27,141079,1247,5363,4642,15074,0.3438983728768523,Insured,Insured,Insured,Uninsured,3,Private,11,1203,4095,43733,848,224,314,191,117
512,64042,22639,12,31,Employed,Married,2,Associate,Rent,395,0.3518315742537973,4,1,0.012764159762626,0,Auto,0,0.1428484651237294,2,6307,3103,10838,11236,2520,44925,78176,14452,15,107182,831,8936,6012,11077,0.6580927895757416,Insured,Uninsured,Insured,Insured,4,Private,33,1163,5049,27378,506,540,226,283,51
797,79523,19044,22,68,Unemployed,Married,3,Master,Mortgage,283,0.0601505636609284,8,4,0.6386818955745622,0,Home,0,0.056769022416177,5,11160,3000,17363,21057,6581,103261,11764,53537,9,170765,1187,11868,9249,34058,0.0196963258901563,Insured,Insured,Insured,Uninsured,3,Self-Employed,14,259,8132,40378,755,362,373,313,95
339,50684,22696,4,53,Self-Employed,Divorced,3,Doctorate,Own,566,0.4588280229236038,9,7,0.8965408878296931,0,Other,0,0.1274297285277651,24,2074,1180,7917,33111,5112,135569,37100,78897,4,193226,1570,9936,6570,27409,0.1339622531087388,Uninsured,Insured,Uninsured,Uninsured,1,Self-Employed,16,379,6519,42904,1227,153,314,88,97
737,67263,18990,11,56,Self-Employed,Divorced,2,Doctorate,Other,151,0.806887255627208,8,3,0.6026077560239669,0,Home,0,0.2358241403399456,9,7466,968,14397,11269,4032,205063,73449,37445,1,186664,1413,4494,5525,4464,0.9085183833210042,Insured,Uninsured,Uninsured,Insured,0,Private,29,482,3389,15371,915,228,278,194,122
344,37637,21575,22,29,Unemployed,Single,2,High School,Own,689,0.4240149480517233,7,7,0.5430767526237159,0,Education,0,0.0131826901429897,12,2373,2717,18001,51034,5961,125362,51591,43008,1,126586,1208,11201,5492,11579,0.2508392281717546,Insured,Insured,Uninsured,Insured,1,Other,39,192,3108,44238,906,226,387,207,82
612,67540,20860,8,65,Unemployed,Married,2,Doctorate,Other,1072,0.4467338957097978,10,9,0.001737951853829,0,Education,0,0.0750135046631318,13,8137,121,9601,36215,4210,58035,41502,58375,5,148075,780,10305,6031,14097,0.1074724519420929,Uninsured,Uninsured,Uninsured,Insured,2,Public,9,527,3283,34002,1446,157,499,172,135
475,28277,21137,1,61,Self-Employed,Married,0,Doctorate,Own,388,0.5855320620209994,0,9,0.166480842072437,0,Education,0,0.2610594203192393,3,6077,3076,10534,37013,1242,66815,55030,106513,17,73649,1413,16596,2796,12776,0.0337356610995999,Uninsured,Insured,Insured,Insured,1,Other,4,944,6721,46404,709,19,484,124,78
356,72417,23009,11,49,Self-Employed,Widowed,0,High School,Rent,210,0.8018310074756202,0,7,0.3056831145864047,0,Auto,0,0.234502808111626,29,2240,1701,10109,42579,3161,83194,81026,81128,15,67115,692,6853,7280,34187,0.3098929503704662,Insured,Uninsured,Insured,Uninsured,1,Self-Employed,26,661,4244,32224,830,501,10,314,41
376,43145,22745,9,39,Unemployed,Widowed,2,Doctorate,Mortgage,813,0.4690207810001442,6,0,0.6275904965021265,0,Other,0,0.1504443070330244,29,8380,1761,15225,44677,1210,45140,70864,26790,29,212767,1295,17491,2082,15310,0.0312047761680999,Insured,Insured,Uninsured,Uninsured,2,Public,9,583,8710,32522,1079,345,603,99,98
679,59970,22848,27,27,Self-Employed,Widowed,1,Associate,Own,446,0.4144771803149942,2,1,0.0150444234792627,0,Auto,0,0.188423263770219,6,8902,1619,14130,20890,5571,41297,66399,35536,26,240175,1207,9562,5657,22259,0.5753343066224208,Insured,Uninsured,Insured,Uninsured,0,Private,8,411,8646,33207,896,289,708,247,135
443,42855,18653,18,55,Self-Employed,Widowed,4,Doctorate,Own,370,0.1786776609721277,13,4,0.8685558903684353,0,Other,0,0.1101733617103953,27,104,2058,2337,25714,919,110219,22144,43682,7,111794,1222,11634,3886,19232,0.3398030017114124,Insured,Insured,Insured,Uninsured,2,Public,2,169,2079,30546,2187,273,347,361,57
791,20331,24606,26,55,Employed,Married,2,Associate,Rent,411,0.3076414083490938,14,3,0.5078949417126892,0,Auto,1,0.2867894553282588,21,10966,1387,4486,22154,3036,103238,27795,44380,20,218517,1139,12444,4933,23076,0.661931513954455,Insured,Uninsured,Uninsured,Uninsured,0,Public,13,319,2391,50282,438,447,723,315,16
590,76507,24951,21,33,Self-Employed,Divorced,1,Master,Rent,575,0.8276620402613338,13,9,0.4511087609407275,0,Debt Consolidation,0,0.1501912012137792,29,7926,421,12230,53127,2262,80141,58429,111356,2,151808,1027,10718,3497,16952,0.7211430507900274,Insured,Insured,Uninsured,Insured,4,Other,35,384,7878,20795,1038,433,805,328,125
791,78085,16191,28,53,Employed,Widowed,3,Bachelor,Mortgage,784,0.6017684449495295,6,7,0.0705383753185242,0,Education,0,0.0376287614703415,15,6145,4255,8084,30983,4862,87834,60534,34790,23,123911,720,11074,5570,10147,0.4768218763142963,Uninsured,Uninsured,Insured,Uninsured,4,Self-Employed,37,531,3455,35657,1000,147,399,384,165
326,53440,19688,11,50,Self-Employed,Widowed,4,Master,Mortgage,551,0.2653288974061989,5,9,0.9588361133634224,0,Other,0,0.1377463070060089,2,3256,2622,16923,32281,4084,9509,80950,99001,7,219506,958,15547,558,28529,0.5188795503092831,Uninsured,Uninsured,Uninsured,Uninsured,2,Public,10,413,5549,27016,952,544,127,307,85
692,88285,18593,9,45,Self-Employed,Single,3,Doctorate,Rent,356,0.2618378368038925,7,0,0.4017144543312931,0,Debt Consolidation,0,0.1326429026388732,4,4924,2811,7233,28176,419,64256,20977,44587,1,209963,759,6330,5471,18618,0.4825515578190831,Uninsured,Insured,Insured,Uninsured,1,Self-Employed,28,855,4543,38121,1388,38,486,175,145
407,66043,14726,3,53,Self-Employed,Married,2,Associate,Rent,372,0.8790973363731017,5,7,0.32397814703784,0,Auto,0,0.0516420717788338,3,6967,1613,6456,42954,5508,55700,68476,104541,1,182158,456,12579,5310,7014,0.4994456808159426,Insured,Insured,Uninsured,Insured,4,Public,13,1023,5946,26190,1297,327,405,140,46
427,82599,25038,24,64,Unemployed,Single,3,Bachelor,Rent,500,0.3009430191904439,12,4,0.6181766961727351,0,Education,0,0.0566445731862144,26,7284,-88,4631,3088,5667,54980,44427,78849,27,127798,992,11488,2736,20579,0.5325880865960606,Uninsured,Insured,Insured,Uninsured,3,Other,15,550,6574,15143,179,355,208,202,47
450,88221,20153,14,48,Employed,Divorced,0,Doctorate,Rent,29,0.6282532780278127,7,5,0.2542935288839549,0,Education,0,0.0930297710842587,14,9432,1888,15191,7926,5278,156447,68187,30927,4,101469,935,3574,2344,28653,0.4529775515760461,Uninsured,Insured,Insured,Uninsured,4,Private,38,238,4853,17641,127,452,352,185,104
419,64594,23456,22,63,Self-Employed,Married,3,Doctorate,Other,749,0.3230998820791312,0,4,0.1524862684987937,0,Auto,0,0.1599642473926095,23,2576,2368,7455,34200,5137,111752,67008,-16683,13,80782,1045,12180,3121,20123,0.6864436767937305,Uninsured,Insured,Insured,Uninsured,4,Self-Employed,2,705,1842,18262,1020,262,738,135,158
681,58820,23432,1,60,Unemployed,Married,4,Doctorate,Mortgage,419,0.3473983183591657,6,2,0.8671381022772819,0,Other,0,0.2946923888985839,11,6807,-29,7380,29486,1866,139787,68165,39684,11,214272,923,5481,2162,42595,0.2062782770577094,Insured,Insured,Uninsured,Uninsured,3,Other,12,784,8292,20680,899,425,386,291,155
635,77289,27839,22,60,Unemployed,Divorced,3,High School,Rent,631,0.7386407159720203,0,9,0.7824609165904157,0,Education,0,0.2585593601294241,14,3967,3303,11084,21015,1507,127076,85275,39236,14,110098,630,8487,2796,11824,0.3926575166748218,Uninsured,Insured,Insured,Uninsured,0,Private,29,1185,3347,40419,916,354,585,109,93
630,60120,17047,21,34,Unemployed,Married,3,Master,Mortgage,815,0.597019790311775,0,7,0.6548691046904893,0,Auto,1,0.2516419147796476,16,11247,287,4876,28241,2596,185997,56983,22190,13,125844,1234,13263,7259,17061,0.9743487709365788,Uninsured,Insured,Uninsured,Uninsured,1,Other,31,383,7474,40099,1270,330,331,408,46
773,77859,15438,22,69,Self-Employed,Divorced,0,Master,Rent,746,0.6812854532124138,7,9,0.942229284839458,0,Debt Consolidation,1,0.1679156361779772,25,8156,2167,13529,64177,1895,134517,17146,28720,17,168007,1048,19191,4911,14126,0.542307855934169,Uninsured,Uninsured,Uninsured,Uninsured,0,Self-Employed,28,575,3445,33925,1566,240,380,154,117
532,45343,25432,6,32,Unemployed,Single,3,Master,Mortgage,415,0.9443811187459032,0,2,0.9107931688979624,0,Debt Consolidation,0,0.1276509782420259,7,5565,3002,5146,49831,1633,72313,34721,73331,11,176768,968,9091,2132,24270,0.0022179790910108,Uninsured,Uninsured,Insured,Insured,4,Private,31,523,6246,14835,1252,255,261,252,139
719,61303,14791,13,64,Unemployed,Widowed,3,Associate,Rent,665,0.6788335377813791,11,9,0.939377395147578,0,Debt Consolidation,0,0.1627351715142812,11,2920,2737,13978,44420,1499,72455,66519,28512,23,80614,981,9350,7807,26045,0.8358164853475945,Uninsured,Uninsured,Uninsured,Insured,4,Public,4,241,5575,34869,1768,427,397,112,89
836,53539,21124,17,59,Unemployed,Single,4,Doctorate,Mortgage,464,0.7146273383496926,6,8,0.7362242078896147,0,Auto,0,0.212670967829533,25,4875,784,7670,33483,3405,85718,32007,-1078,2,78264,1526,16882,9721,25592,0.757997876691716,Insured,Uninsured,Uninsured,Insured,0,Public,37,137,7637,45646,985,443,578,189,170
505,70279,15975,25,68,Employed,Married,2,High School,Own,857,0.826100747106345,9,2,0.6041924907144125,0,Other,0,0.1240739826478236,4,2970,2858,6221,9279,3486,77016,43631,71684,19,208516,1127,13668,3859,5077,0.6280983867358749,Uninsured,Uninsured,Insured,Uninsured,1,Other,15,960,4694,32619,1298,162,734,91,28
453,41524,18004,29,61,Self-Employed,Widowed,3,Master,Mortgage,654,0.4699835410240579,9,0,0.6821721955863067,0,Debt Consolidation,0,0.0453278684802544,8,2595,2156,15210,34452,6149,127605,34039,60951,24,132362,1078,12190,5770,19075,0.2520093474263536,Uninsured,Uninsured,Insured,Insured,0,Private,11,904,5541,11200,367,33,697,365,39
752,50060,21961,7,35,Employed,Divorced,2,Doctorate,Own,320,0.5376707709191091,14,8,0.1010308273521,0,Debt Consolidation,0,0.0584397074534335,11,8849,2821,14199,39958,3285,78148,57866,51003,28,167313,1324,7369,8729,16732,0.106451837880129,Insured,Insured,Uninsured,Insured,2,Self-Employed,2,575,2903,43747,1123,164,218,278,270
537,72363,20190,29,18,Self-Employed,Widowed,1,Master,Other,500,0.6313831813148756,12,0,0.2489932701746865,0,Auto,1,0.1150536629357159,29,1484,2022,12143,32197,3226,158355,72761,11342,29,185276,837,2509,8071,20789,0.5829694273608155,Uninsured,Insured,Uninsured,Insured,3,Other,20,173,5616,38292,909,297,435,371,145
734,54074,17232,20,21,Self-Employed,Married,3,Associate,Other,285,0.9800765658030908,12,2,0.97806149515707,0,Other,0,0.0378701810320699,5,609,1541,9906,42472,3350,112082,17481,65283,27,83943,826,14718,7081,14603,0.3924398395358647,Uninsured,Insured,Uninsured,Uninsured,4,Other,35,168,3910,32934,1111,353,491,211,88
322,36209,25951,26,61,Employed,Single,1,Associate,Mortgage,780,0.8598269560603827,13,1,0.5852417787198859,0,Debt Consolidation,0,0.0716954029511729,0,7733,4259,159,8791,6522,152955,73964,73744,5,227353,1001,9774,4470,28889,0.2549776775989504,Uninsured,Insured,Insured,Insured,1,Other,38,155,155,39603,1517,170,714,114,91
325,48516,19799,20,59,Unemployed,Single,3,Doctorate,Other,397,0.303762624898412,3,1,0.3685031533758043,0,Home,0,0.0337967590865355,6,3865,1669,10055,37520,2237,23474,88047,27566,1,131716,705,12029,1114,39833,0.157468479831551,Insured,Insured,Uninsured,Uninsured,2,Other,6,390,7853,29132,854,109,374,157,137
681,52049,28604,2,66,Unemployed,Married,4,Associate,Mortgage,693,0.4656385231436585,9,4,0.5186962518297366,0,Debt Consolidation,0,0.2016111498526941,10,4216,4131,700,31066,1322,126759,68021,55174,14,225035,703,17900,6782,4984,0.5334794035570493,Uninsured,Uninsured,Insured,Insured,4,Public,28,726,6698,37517,1554,337,272,134,123
443,35091,26632,27,26,Unemployed,Married,1,Associate,Own,384,0.1680857161946359,10,0,0.5510121317230314,0,Home,0,0.2991312479295849,0,9113,2306,3752,21962,4902,117135,22257,62706,17,141338,965,11759,4786,17594,0.2718902887091726,Uninsured,Insured,Insured,Uninsured,4,Private,24,763,1478,31611,782,105,289,275,138
389,89570,26467,13,20,Employed,Widowed,4,Associate,Rent,150,0.3661687083740883,14,5,0.6771850006636154,0,Auto,0,0.2514172115694476,19,6617,3400,11502,33537,5741,158440,53716,60781,26,103405,1222,749,2309,27449,0.1852969498503941,Uninsured,Uninsured,Uninsured,Insured,3,Public,20,626,4471,34974,553,489,237,143,12
382,60819,5804,21,48,Unemployed,Divorced,0,High School,Other,391,0.818480776611251,2,8,0.4137392344160676,0,Other,0,0.1931150194246027,27,4558,2018,2115,30135,4186,38546,62428,65232,22,82105,804,8904,942,22537,0.678041878608451,Uninsured,Insured,Uninsured,Uninsured,3,Other,0,748,6851,12670,1066,237,557,109,42
501,43452,20967,18,55,Self-Employed,Single,3,Bachelor,Mortgage,660,0.3971351476845562,7,2,0.8151030238995046,0,Other,0,0.2599057282403199,7,8235,-191,8628,52004,5242,159955,51331,97632,0,106611,1434,3171,5868,12605,0.3910340827858278,Uninsured,Uninsured,Uninsured,Insured,3,Self-Employed,37,1071,5026,41877,580,599,231,417,31
438,39670,12545,18,56,Self-Employed,Divorced,2,High School,Rent,739,0.5540885454966837,8,0,0.6663392691754751,0,Other,0,0.1612601565084555,17,6450,2385,10764,16024,780,51570,30789,62942,5,138254,1077,9076,5003,15152,0.8513032749916675,Uninsured,Insured,Uninsured,Uninsured,0,Self-Employed,15,433,6129,34441,1444,354,539,72,40
312,89672,17757,26,23,Unemployed,Widowed,2,Doctorate,Mortgage,841,0.8925133897715881,12,7,0.3563642830803503,0,Debt Consolidation,0,0.1260168802420819,15,4625,3870,1851,21424,2217,50372,85123,61575,16,176992,727,13290,8471,19100,0.4670508628805681,Insured,Uninsured,Insured,Insured,1,Private,34,781,4534,36366,1054,230,453,234,93
377,57860,24178,2,48,Self-Employed,Divorced,2,Doctorate,Own,380,0.6936061260396319,4,5,0.2066007273959148,0,Other,0,0.1690142836163186,10,5516,1237,123,9422,3503,94881,105977,2979,0,213250,880,16899,6687,34612,0.7321668710444653,Uninsured,Insured,Uninsured,Uninsured,2,Public,16,619,5189,32246,767,291,475,255,147
300,66055,15348,27,21,Self-Employed,Widowed,3,Associate,Rent,629,0.0768538753876254,13,2,0.0300762780863876,1,Auto,0,0.2686255836392316,17,4578,2081,14863,15462,5128,81356,82623,108840,6,64152,688,12109,5551,32488,0.1063956124000954,Uninsured,Uninsured,Insured,Uninsured,1,Public,5,713,8965,36560,980,299,200,119,38
350,87518,23037,18,54,Employed,Divorced,0,Doctorate,Own,350,0.2701050071973613,10,9,0.2342586192547501,0,Home,0,0.1008958745962453,9,5979,2996,8648,22931,840,108311,43990,16622,6,165861,476,12994,3155,26165,0.7688056088974295,Insured,Uninsured,Uninsured,Insured,4,Self-Employed,38,336,3477,39384,907,399,375,96,63
439,57279,21693,7,45,Employed,Divorced,3,Associate,Rent,490,0.8639197374429929,0,1,0.9158049281420688,0,Debt Consolidation,1,0.1810219279766419,0,4024,227,9748,9824,2820,70175,55374,67919,7,216389,982,4577,6685,9718,0.2886773963556149,Uninsured,Insured,Insured,Insured,0,Public,12,998,7546,32144,564,293,306,225,74
496,63552,16812,9,57,Self-Employed,Divorced,3,High School,Rent,527,0.6908658852103535,6,5,0.0472218531676287,0,Home,0,0.102263455838803,6,9160,1881,14929,26738,2560,37714,35080,77745,5,106355,1092,9156,2864,4228,0.733858979710973,Insured,Uninsured,Uninsured,Uninsured,2,Private,28,378,3147,29072,333,402,772,102,120
730,54341,15701,3,52,Unemployed,Single,0,Associate,Rent,204,0.1177262182557551,5,1,0.1570470269310107,0,Auto,0,0.2072491027210686,29,4173,1069,11069,27094,5251,47998,78060,73484,13,133414,1923,11214,8204,34349,0.3180050325434101,Insured,Insured,Uninsured,Insured,4,Other,7,295,5088,26479,1289,283,18,162,101
645,54311,24406,6,61,Self-Employed,Widowed,3,High School,Other,309,0.0230742106922837,12,7,0.2260313463329856,0,Other,0,0.1791159617308215,11,5038,3662,9221,55533,602,78397,51571,31005,22,171184,770,11216,463,18460,0.9826936942116568,Uninsured,Uninsured,Insured,Insured,4,Public,19,306,4498,42977,407,521,203,230,86
464,57848,12515,10,57,Self-Employed,Widowed,0,Doctorate,Other,297,0.0349862288219572,13,9,0.3716521487248591,0,Debt Consolidation,0,0.2980463490887647,8,4862,2188,9364,10580,6096,133852,44063,25923,11,94437,1471,9410,4408,24861,0.1669871865650454,Uninsured,Uninsured,Uninsured,Insured,3,Other,25,811,7180,21740,929,605,448,354,46
628,53190,17660,11,33,Self-Employed,Married,4,Bachelor,Own,697,0.6366989885632183,12,3,0.9468710186428236,0,Auto,0,0.0435571745203666,28,8913,3450,10608,24825,1124,138523,24546,96193,3,163864,1536,22190,6400,29305,0.1374603930624425,Uninsured,Insured,Uninsured,Insured,3,Other,37,583,3626,30321,888,214,273,435,144
769,87293,18521,27,63,Self-Employed,Divorced,3,Master,Mortgage,333,0.4309525136814667,6,6,0.1702155845241844,0,Home,0,0.2338627820400527,13,4341,1385,14033,33288,5177,81516,67209,82467,20,91968,1445,18444,6186,19490,0.0226016907395451,Insured,Insured,Uninsured,Uninsured,3,Public,8,549,5730,29513,2078,480,252,231,126
785,73624,21227,17,63,Employed,Divorced,1,Doctorate,Own,520,0.2596326133410027,13,1,0.4284673055118169,0,Other,0,0.230430794996146,29,7758,2215,7859,27529,5839,137540,37482,60803,16,164993,938,8072,5254,8457,0.2507798767976185,Uninsured,Uninsured,Insured,Uninsured,2,Public,3,45,7391,40269,891,251,475,271,18
634,99648,23841,14,36,Unemployed,Widowed,2,High School,Mortgage,483,0.0797348901290448,10,2,0.5939484125810093,0,Education,0,0.0994512553414792,9,5924,2567,4156,28399,3388,97376,28640,32754,17,187927,656,12777,3089,9347,0.0956447937265539,Insured,Insured,Uninsured,Insured,2,Other,8,163,5619,22006,508,314,466,212,94
787,78852,13697,23,37,Employed,Widowed,2,Doctorate,Rent,573,0.1979188240267341,0,6,0.5771544645023133,0,Other,1,0.2820893754972493,9,7526,670,12495,55690,73,161773,66691,73276,22,86566,849,8797,4761,26725,0.1809834196649106,Insured,Insured,Insured,Uninsured,4,Other,7,606,3427,27617,708,299,383,139,173
662,51027,20502,11,27,Unemployed,Single,0,Associate,Mortgage,695,0.1600462296029499,9,2,0.7188751101664553,0,Education,0,0.0269209391015576,15,3171,2347,19407,39729,3721,141935,48279,13913,8,210283,1225,4729,3045,3471,0.6281960138125968,Uninsured,Uninsured,Uninsured,Uninsured,0,Public,14,941,3750,18848,1196,445,376,226,113
835,98119,19984,25,52,Self-Employed,Widowed,0,Master,Mortgage,547,0.7209177042387359,12,1,0.9850164356874752,0,Home,0,0.2581548907033074,4,679,3145,2248,26334,1732,104900,83458,6892,27,166532,1235,9232,2732,6276,0.9916338813251632,Insured,Insured,Uninsured,Insured,0,Private,38,559,4917,35227,1033,177,93,123,129
386,46710,12053,23,22,Unemployed,Single,2,Associate,Mortgage,665,0.6865714714136596,9,1,0.823212357943834,0,Auto,0,0.0231400382792866,24,8763,1275,1385,22559,6633,127044,63486,53457,2,147229,1230,19920,1642,10419,0.0147215609470836,Insured,Uninsured,Insured,Insured,0,Public,2,309,7356,24609,835,365,373,186,145
818,23271,19947,11,45,Self-Employed,Divorced,2,Associate,Other,764,0.9406273348919696,11,8,0.1064517108325269,0,Auto,0,0.1324103432577593,14,4955,1712,8606,35487,5865,22214,76516,35991,8,224292,1057,3274,4121,5249,0.3475763854175706,Uninsured,Insured,Insured,Uninsured,3,Private,22,726,5198,15844,1088,369,546,242,104
796,78775,18054,22,18,Employed,Married,3,Master,Other,423,0.1920995171877229,11,9,0.6162114214361446,0,Debt Consolidation,0,0.178892615812251,23,2647,176,7140,36765,2402,104075,52756,45843,24,156918,1270,16866,3690,232,0.114430316656011,Insured,Uninsured,Insured,Uninsured,3,Self-Employed,3,239,3122,37971,1657,77,423,175,97
554,64439,23777,28,55,Unemployed,Divorced,2,Master,Own,454,0.5772503185439102,0,3,0.1866351518437954,0,Other,0,0.135165494364565,11,7703,1226,17370,37689,2084,23629,67471,18107,8,124375,1133,19070,6334,25516,0.9693328720087396,Uninsured,Insured,Insured,Insured,0,Self-Employed,11,670,3881,24272,744,410,512,173,70
483,73264,12739,27,57,Self-Employed,Single,3,Doctorate,Other,288,0.1065887608966742,2,3,0.8388306742974769,0,Other,0,0.0448736904879675,11,10059,861,10287,8765,2033,128585,48094,70123,26,157086,1184,7717,6754,31410,0.4747067669360199,Uninsured,Insured,Insured,Insured,1,Self-Employed,32,302,3314,24089,1196,351,378,214,92
829,61055,15979,23,61,Self-Employed,Married,1,Bachelor,Own,-53,0.0220589411174892,5,8,0.2405840823979209,0,Auto,0,0.2226625853285619,12,3611,3405,15195,50136,1602,115824,41669,17595,13,183831,397,12605,5251,37099,0.4921003308522246,Uninsured,Uninsured,Uninsured,Insured,0,Self-Employed,16,1052,3876,27596,1080,327,773,343,22
398,77934,18315,7,30,Employed,Widowed,2,High School,Rent,368,0.6334758178561979,14,7,0.7511562825202425,0,Debt Consolidation,0,0.2935428553285685,24,3035,2373,2916,9208,2065,72485,45846,29512,12,122351,960,16348,6139,24579,0.1617398921878794,Uninsured,Insured,Insured,Insured,0,Private,14,475,7647,15712,739,256,462,319,61
648,56826,23794,10,56,Employed,Married,3,Master,Mortgage,482,0.1719523822407316,7,5,0.5998180236705226,0,Other,0,0.114398727469748,8,9205,3746,4072,30369,5054,48192,32918,86006,7,260750,844,16375,5230,5208,0.5011036990913073,Uninsured,Uninsured,Uninsured,Insured,3,Private,17,578,7102,41190,682,27,306,128,161
335,74532,17083,7,23,Unemployed,Married,1,High School,Own,80,0.0570017312590455,13,2,0.576826848856178,0,Debt Consolidation,0,0.2416984115453399,5,3160,2539,15748,35141,32,198478,43331,64212,29,155281,1083,4329,4939,10197,0.2072459813719888,Uninsured,Uninsured,Insured,Uninsured,2,Other,31,885,8756,40658,854,442,709,186,81
500,52116,22121,20,67,Employed,Divorced,3,Master,Other,578,0.9476718291542024,10,1,0.1874267810186152,0,Auto,0,0.0703135931774701,27,6661,1417,11444,47869,5581,125513,55686,95142,6,83680,625,14899,3699,23091,0.3026541451303425,Insured,Uninsured,Uninsured,Uninsured,4,Private,12,830,3575,43786,953,346,731,212,159
786,55559,18920,26,67,Unemployed,Married,0,Master,Rent,706,0.0735752410071236,11,6,0.4865323482479936,0,Education,0,0.2691714005999541,5,5928,1921,10645,19448,583,109924,25377,62445,29,164037,884,2276,5098,20150,0.1267707727636695,Uninsured,Insured,Uninsured,Uninsured,2,Other,15,196,7145,25596,476,35,358,209,88
791,36914,29142,6,59,Employed,Widowed,3,High School,Mortgage,754,0.086276491555391,9,0,0.0933886218790492,0,Debt Consolidation,0,0.187053269339656,29,4624,1645,8753,20260,4086,102112,60393,92833,26,137874,1586,15359,7315,6794,0.4195308092766237,Insured,Uninsured,Insured,Uninsured,4,Public,11,140,6383,33340,988,370,285,253,153
453,31538,17155,21,22,Self-Employed,Widowed,1,Bachelor,Rent,517,0.1785972240441877,8,4,0.7931824866904079,0,Debt Consolidation,0,0.1382999831826641,2,2357,-554,7014,41207,5117,97701,49971,43244,12,237947,1155,1431,7411,28486,0.3976291506165333,Insured,Uninsured,Insured,Uninsured,3,Private,15,496,5521,40418,1107,616,468,24,178
388,56055,16248,22,38,Self-Employed,Divorced,2,Master,Rent,513,0.3408815862646929,6,8,0.9586874632814194,0,Other,0,0.1199982293510644,9,8948,2285,12517,31210,2155,121069,56644,63729,14,145859,1376,14778,6861,15669,0.2071680412096517,Insured,Insured,Uninsured,Uninsured,3,Public,13,813,1722,39587,750,182,344,277,81
360,68585,15347,29,69,Self-Employed,Divorced,4,High School,Mortgage,698,0.8744110760416145,7,3,0.7644942531079479,0,Other,0,0.037877785133017,3,9007,2102,11509,10629,1110,87381,38547,44946,17,96552,1357,12822,7834,24430,0.662041456803668,Insured,Insured,Insured,Uninsured,2,Public,10,447,7063,41352,771,435,393,191,65
845,64923,20869,24,36,Self-Employed,Divorced,3,Associate,Mortgage,536,0.3648140934794631,3,5,0.5284894212347463,0,Home,0,0.2848321322189278,27,6946,366,1767,28765,5587,132767,51206,61061,7,216239,1424,4457,7368,36587,0.318892473491901,Insured,Insured,Insured,Insured,4,Public,5,852,7170,36491,590,520,390,80,15
611,66509,14389,9,27,Employed,Married,0,Master,Rent,612,0.4978373197122197,13,0,0.0567330115254867,0,Home,0,0.262789322948974,20,5709,344,24365,25811,2718,120381,43374,79732,9,193898,1335,8881,2297,21168,0.6838509648744848,Uninsured,Insured,Insured,Insured,0,Public,31,628,5181,23984,909,187,262,111,10
680,75612,22850,27,67,Employed,Divorced,4,High School,Rent,377,0.0828363822940007,5,7,0.8651537185219814,0,Debt Consolidation,0,0.1531328323644116,14,4449,2163,8618,28715,2193,170249,57827,25626,19,105132,1543,13418,2085,24167,0.2559709962766501,Uninsured,Insured,Insured,Insured,2,Other,19,348,7532,27979,1267,318,615,208,73
478,77320,19610,29,64,Employed,Divorced,4,Bachelor,Other,565,0.4402065937682747,1,1,0.3967208256512998,1,Home,1,0.2046845979476534,18,2409,2022,7251,24942,1528,134738,88751,49442,2,188812,1105,14526,4616,23093,0.9043427282777032,Insured,Uninsured,Insured,Insured,2,Public,15,1011,4465,36890,332,446,334,325,111
328,87021,23080,14,61,Employed,Widowed,2,Associate,Mortgage,374,0.4609220138527767,14,4,0.50060517466359,0,Education,0,0.1904443538915823,10,2900,1923,15375,24120,5406,105815,87941,26163,15,186426,650,15424,6134,4051,0.4596264422789752,Uninsured,Uninsured,Insured,Uninsured,4,Self-Employed,31,148,6106,56949,1113,260,467,237,126
807,52556,26168,21,50,Employed,Married,4,Doctorate,Mortgage,338,0.3823821705252391,2,9,0.0924013874544489,0,Home,0,0.24618099988489,15,4181,2133,19110,38835,4744,102174,72456,44889,0,219189,1290,12673,1898,7399,0.9372710264105496,Uninsured,Insured,Uninsured,Uninsured,4,Other,8,127,4299,15891,881,354,811,299,219
415,59120,22915,5,65,Employed,Divorced,2,Associate,Own,424,0.6835318164287526,13,4,0.2270461341790148,0,Home,0,0.1897261469857757,7,7300,1799,4521,28089,888,146814,67668,72672,14,147505,531,9155,5411,44372,0.50211281241482,Insured,Uninsured,Uninsured,Insured,2,Other,14,866,1739,34336,976,551,571,245,71
630,95895,15319,24,49,Employed,Widowed,4,Bachelor,Mortgage,558,0.4745614148395727,10,8,0.0011172004632542,0,Auto,0,0.1973113087909673,15,11649,661,9120,26710,4971,137004,40559,41088,5,121542,1175,3730,6628,6318,0.5131454627454026,Insured,Insured,Uninsured,Uninsured,4,Public,2,754,5017,8691,1387,156,258,176,29
657,77363,16407,18,63,Employed,Single,2,Master,Mortgage,528,0.6763373819629531,11,5,0.3039600239125289,0,Education,0,0.1076100891829795,18,7131,1669,12799,34501,2656,165266,57679,67473,11,182815,825,6106,5457,18586,0.8088313098595148,Insured,Uninsured,Insured,Uninsured,4,Private,19,147,7978,29835,1231,295,375,284,103
517,70869,11797,13,38,Self-Employed,Divorced,2,Master,Rent,589,0.3802383862122166,13,6,0.1835701279127976,0,Education,0,0.1608930031824178,5,7910,3360,14003,30314,2929,72366,40733,21533,29,137217,1186,18356,5067,8063,0.8731441965355129,Insured,Insured,Insured,Uninsured,0,Private,34,1100,4535,43270,626,200,502,417,56
649,70040,18874,10,41,Self-Employed,Widowed,1,Bachelor,Rent,359,0.2442012350381012,10,1,0.5171057861362576,0,Auto,0,0.1257472155073777,2,2331,1267,22112,54462,3059,10656,48476,29577,3,175820,885,8501,5468,36890,0.5825732375349051,Uninsured,Insured,Insured,Uninsured,2,Public,34,926,6253,21403,977,322,540,336,145
734,77203,24814,8,37,Employed,Married,4,Associate,Rent,524,0.046799883124076,1,6,0.5973926394363578,0,Home,0,0.1464443600685774,25,6928,2573,-417,14746,414,206687,32702,111774,4,174221,822,6938,4705,27871,0.4643068788061786,Uninsured,Insured,Uninsured,Insured,1,Self-Employed,29,558,3317,29281,1267,470,397,160,106
500,85482,22538,12,60,Employed,Single,1,Bachelor,Other,366,0.2013326701898363,0,8,0.4244302545700879,0,Education,0,0.2787449574565281,21,11129,1771,14770,28738,4813,126754,48720,97648,27,124056,732,10786,5241,10986,0.9451298945949226,Insured,Insured,Insured,Uninsured,2,Self-Employed,17,179,9151,37724,614,293,454,164,47
423,58789,18298,27,40,Unemployed,Widowed,3,Bachelor,Own,858,0.6019590180028458,2,2,0.548093756893593,0,Home,0,0.1524488074352455,2,3882,3326,24442,43275,6850,101581,48663,45713,4,135161,1181,10708,2156,20412,0.098760626810991,Insured,Insured,Uninsured,Insured,1,Other,19,472,7768,6601,1534,207,628,80,143
673,61684,25860,26,50,Self-Employed,Married,0,Associate,Own,319,0.7226566586760359,7,8,0.2621109764372153,0,Home,0,0.0680225959568965,12,3311,2323,16298,13797,2302,52241,8780,27863,16,96926,434,11373,6488,6835,0.1670545528086415,Insured,Uninsured,Uninsured,Insured,3,Self-Employed,25,638,6210,30312,1378,205,651,176,103
612,57081,19601,5,46,Unemployed,Married,3,Bachelor,Mortgage,529,0.6612784626032006,8,4,0.2976887926490839,0,Other,0,0.0680916449883004,20,4072,2072,12277,59148,4476,85832,44006,80848,24,79000,1097,15507,2831,25266,0.1158511368941755,Insured,Uninsured,Uninsured,Uninsured,2,Other,26,922,4656,14697,1365,339,127,9,169
350,58143,20549,17,21,Self-Employed,Widowed,3,Doctorate,Mortgage,553,0.1084870366000677,5,0,0.7705532813314961,0,Education,1,0.0746743527963299,11,5865,2722,10833,55623,5013,90366,27392,20692,3,136468,670,577,3506,5496,0.8964382950930077,Uninsured,Insured,Uninsured,Uninsured,3,Self-Employed,31,546,5783,8142,1078,311,662,214,52
556,55804,24920,27,44,Unemployed,Divorced,3,Bachelor,Own,372,0.2978744914652876,0,4,0.9018664610647888,0,Debt Consolidation,0,0.0490450753853328,10,6420,-65,6492,25377,6126,99144,50239,91177,22,176640,1083,14309,4667,33137,0.6669792634326688,Uninsured,Insured,Uninsured,Insured,2,Private,38,407,6954,20234,1157,501,201,109,39
326,54022,33705,26,21,Employed,Married,0,High School,Mortgage,762,0.1917845848416649,2,9,0.9486066630057668,0,Education,0,0.077715961043917,10,2614,-1,10441,14835,3430,67189,51356,65423,25,181886,647,8177,3617,28272,0.3823622326762538,Uninsured,Uninsured,Uninsured,Insured,2,Public,38,356,5220,22747,640,63,1144,284,138
688,95179,23147,23,39,Unemployed,Widowed,1,Master,Other,532,0.5428024663967934,4,7,0.3244489118027516,0,Home,0,0.1866695443591141,11,2680,1489,13368,19593,4460,43114,38947,49646,4,224829,892,9998,4677,14966,0.618179039943301,Uninsured,Insured,Uninsured,Uninsured,0,Public,7,634,6314,47565,919,193,632,235,57
841,46614,17844,27,59,Self-Employed,Divorced,0,Master,Own,488,0.1904550253159947,14,7,0.8745897581330448,0,Other,0,0.1975209815523353,8,5829,1734,8889,45061,3533,141616,61630,77317,23,135255,1139,15379,6155,24039,0.6092551433770597,Uninsured,Uninsured,Insured,Insured,4,Private,38,876,1750,45437,1918,323,553,197,57
447,41234,21581,26,33,Employed,Divorced,3,Doctorate,Own,553,0.6014587966441678,9,8,0.54103997141172,0,Debt Consolidation,0,0.1108263306160513,4,710,2594,14087,59185,4917,106202,70656,69426,1,71526,959,11741,4337,16839,0.9028196680272438,Insured,Insured,Uninsured,Insured,1,Self-Employed,32,1125,6024,12928,980,266,657,295,165
544,58002,25667,6,34,Self-Employed,Married,1,High School,Rent,958,0.3630173330371343,8,0,0.6198637694104691,0,Auto,0,0.2735829389742796,2,629,1146,3617,19882,823,23727,50468,96201,19,139665,1286,16052,8659,12100,0.9753733599439592,Uninsured,Insured,Insured,Uninsured,3,Public,26,809,6582,21764,743,280,187,176,126
459,31738,10634,9,66,Unemployed,Single,3,Master,Other,629,0.4666623825900603,14,5,0.4087594942083945,0,Education,1,0.0726569071583497,28,6636,734,3510,54010,2719,59400,45029,39035,8,144335,1004,6111,5962,25204,0.8411934269869948,Uninsured,Uninsured,Insured,Insured,0,Self-Employed,13,662,4925,18140,1487,494,430,329,56
494,68837,22448,28,23,Employed,Single,4,Associate,Mortgage,446,0.9981113729989318,6,0,0.1454803355572584,0,Auto,0,0.2545193346090415,27,8829,2508,9419,30056,5164,65905,80064,7767,0,126141,1123,1311,3248,24986,0.8349790111515769,Insured,Uninsured,Uninsured,Insured,3,Public,20,458,4691,36319,221,420,240,114,125
499,59395,28133,26,29,Unemployed,Married,4,Master,Mortgage,464,0.135747769167931,6,3,0.6166960457568286,0,Home,0,0.1734341462105647,15,8697,2190,8733,53341,4128,96884,15188,413,12,164918,1160,11826,7412,18327,0.5307625852269546,Uninsured,Insured,Insured,Insured,4,Public,24,698,4088,28391,913,289,287,223,43
462,47352,15839,18,57,Unemployed,Widowed,1,High School,Rent,645,0.3133388093088202,7,6,0.8253932467495009,0,Auto,0,0.2155962845556796,5,4621,3974,13839,23756,928,94450,40962,95931,23,105474,891,9988,6496,14569,0.8059503865333324,Uninsured,Uninsured,Uninsured,Insured,1,Private,7,710,4050,20554,632,431,648,112,127
657,65772,18872,27,55,Self-Employed,Single,4,High School,Rent,445,0.5833633081141224,2,3,0.5718340414885034,0,Auto,0,0.2429374628422264,20,361,2311,20309,24146,2916,142064,47376,27258,20,188149,922,15063,9496,28812,0.2644845593555538,Uninsured,Insured,Insured,Insured,1,Private,3,858,6132,28380,302,167,535,62,139
592,36452,24944,22,19,Self-Employed,Widowed,3,Master,Own,544,0.405442093604463,6,8,0.9050464938283806,0,Auto,0,0.1795555302484468,13,5459,1196,12051,11330,2933,87487,73578,98008,21,133679,1204,19040,5822,24681,0.6963854118164207,Insured,Insured,Insured,Insured,0,Public,3,285,6876,24875,715,345,416,184,158
613,65353,2035,3,54,Employed,Divorced,1,High School,Mortgage,792,0.7351417134030025,12,6,0.553594864658608,0,Auto,0,0.1879663494847998,6,4708,1698,7987,17530,3775,174087,75827,63555,20,87959,852,13211,2071,23193,0.2664125759424575,Uninsured,Insured,Insured,Insured,2,Other,21,1013,6091,28956,1585,72,338,266,95
414,83679,19053,10,54,Unemployed,Married,2,Bachelor,Other,790,0.7757372104076157,5,1,0.2212106302127332,0,Home,0,0.2925834163446181,19,5068,924,8762,31650,2403,154264,76275,31631,29,94087,730,13898,2719,24138,0.4540037383738025,Uninsured,Insured,Insured,Insured,0,Other,33,523,5740,31540,890,351,599,148,138
333,79096,22567,4,21,Self-Employed,Married,2,Bachelor,Rent,623,0.0382233936509739,1,6,0.1182924872651752,0,Debt Consolidation,0,0.2607091911754725,9,4888,1372,13349,25223,1457,47145,51830,77944,16,217235,324,18827,2976,18497,0.4560453185249161,Uninsured,Uninsured,Insured,Insured,0,Other,35,525,5669,26843,2082,80,427,366,100
627,62867,19115,8,23,Employed,Married,4,Associate,Mortgage,382,0.6664358190933208,2,3,0.8094837268631258,0,Auto,0,0.0261963808906224,1,4731,1258,4926,14145,2062,103501,53935,54397,3,124408,139,9081,3829,31370,0.4069355556503176,Insured,Insured,Uninsured,Insured,0,Self-Employed,18,287,6476,17752,1226,311,227,119,167
